"","Airport","Airline","Age","Nationality","Destination","DepartureTime","Airfare","ModeTransport","Province"
"1","ICN","Korean Air",49,"Korea","Southeast Asia","12pm - 6pm",80,"Private Taxi"," Kyungki-do"
"2","ICN","Korean Air",49,"Korea","Japan","6am - 12pm",41,"Private Taxi"," Kyungki-do"
"3","ICN","Korean Air",25,"Korea","China","6am - 12pm",49.8317857142857,"Public Bus"," Kyungki-do"
"4","ICN","Korean Air",29,"Korea","Japan","12pm - 6pm",40,"Private Car"," Kyungki-do"
"5","ICN","Korean Air",34,"Korea","China","12pm - 6pm",40,"Private Taxi"," Kyungki-do"
"6","ICN","Korean Air",43,"Korea","China","12pm - 6pm",34,"Private Taxi"," Kyungki-do"
"7","ICN","Korean Air",43,"Korea","China","12pm - 6pm",34,"Private Taxi"," Kyungki-do"
"8","ICN","Korean Air",52,"Korea","Japan","6am - 12pm",56,"Private Taxi"," Kyungki-do"
"9","ICN","Korean LCC",24,"Korea","Southeast Asia","6pm - 9pm",34,"Private Taxi"," Kyungki-do"
"10","ICN","Korean Air",29,"Korea","Japan","12pm - 6pm",54,"Public Bus"," Kyungki-do"
"11","ICN","Foreign Airlines",45,"Korea","Other","12pm - 6pm",80,"Private Taxi"," Kyungki-do"
"12","ICN","Korean Air",24,"Other","China","6pm - 9pm",37,"Subway"," Jeju"
"13","ICN","Korean LCC",27,"Korea","Southeast Asia","12pm - 6pm",40,"Subway"," Seoul"
"14","ICN","Asiana Airlines",62,"Korea","Japan","6pm - 9pm",27.1222222222222,"Subway"," Kyungki-do"
"15","ICN","Korean LCC",31,"Korea","Southeast Asia","12pm - 6pm",40,"Private Taxi"," Kyungki-do"
"16","ICN","Korean LCC",28,"Korea","Southeast Asia","12pm - 6pm",29,"Private Taxi"," Kyungki-do"
"17","ICN","Korean LCC",29,"Korea","Southeast Asia","6pm - 9pm",38,"Public Bus"," Kyungki-do"
"18","ICN","Korean LCC",40,"Korea","Southeast Asia","9pm - 6am",70,"Private Car"," Seoul"
"19","ICN","Korean LCC",29,"Korea","Southeast Asia","6pm - 9pm",38,"Private Car"," Kyungki-do"
"20","ICN","Korean LCC",69,"Korea","Southeast Asia","9pm - 6am",70,"Private Car"," Seoul"
"21","ICN","Korean LCC",29,"Southeast Asia","Southeast Asia","6pm - 9pm",44.6521739130435,"Subway"," Seoul"
"22","ICN","Korean LCC",28,"Korea","Southeast Asia","9pm - 6am",44.6521739130435,"Subway"," Seoul"
"23","ICN","Korean LCC",35,"Korea","Southeast Asia","6pm - 9pm",48,"Private Car"," Seoul"
"24","ICN","Foreign Airlines",30,"Korea","Southeast Asia","12pm - 6pm",53,"Private Taxi"," Kyungki-do"
"25","ICN","Foreign Airlines",22,"Southeast Asia","Other","9pm - 6am",39,"Public Bus"," Kyungki-do"
"26","ICN","Korean Air",55,"Korea","China","12pm - 6pm",28,"Private Taxi"," Kyungki-do"
"27","ICN","Korean Air",20,"Korea","China","6pm - 9pm",49.8317857142857,"Private Taxi"," Kyungki-do"
"28","ICN","Korean LCC",33,"Korea","Southeast Asia","6pm - 9pm",44.6521739130435,"Private Taxi"," Kyungsang-do"
"29","ICN","Foreign Airlines",31,"Korea","Other","6am - 12pm",43,"Private Taxi"," Seoul"
"30","ICN","Korean LCC",33,"Korea","Southeast Asia","6pm - 9pm",48,"Private Car"," Seoul"
"31","ICN","Korean Air",46,"Korea","Southeast Asia","6pm - 9pm",45,"Private Taxi"," Kyungki-do"
"32","ICN","Korean Air",24,"Korea","Other","12pm - 6pm",140,"Public Train"," Kyungsang-do"
"33","ICN","Korean Air",22,"Korea","Other","6pm - 9pm",110,"Public Train"," Jeonra-do"
"34","ICN","Korean LCC",32,"Korea","Southeast Asia","6pm - 9pm",40,"Private Taxi"," Kyungsang-do"
"35","ICN","Korean Air",34,"Southeast Asia","Southeast Asia","6pm - 9pm",70,"Private Car"," Seoul"
"36","ICN","Korean Air",40,"Korea","Southeast Asia","12pm - 6pm",80,"Public Bus"," Seoul"
"37","ICN","Foreign Airlines",22,"Korea","Other","6pm - 9pm",108,"Public Bus"," Seoul"
"38","ICN","Korean Air",36,"Korea","Other","12pm - 6pm",100,"Public Bus"," Seoul"
"39","ICN","Asiana Airlines",22,"Korea","Other","9pm - 6am",100,"Private Taxi"," Seoul"
"40","ICN","Foreign Airlines",22,"Korea","Other","6pm - 9pm",108,"Public Bus"," Seoul"
"41","ICN","Korean Air",44,"Korea","Southeast Asia","6pm - 9pm",59,"Private Car"," Seoul"
"42","ICN","Korean Air",31,"Korea","Southeast Asia","6am - 12pm",40,"Private Taxi"," Kyungki-do"
"43","ICN","Korean LCC",28,"Korea","Southeast Asia","6pm - 9pm",30,"Private Taxi"," Kyungki-do"
"44","ICN","Korean Air",32,"Korea","China","12pm - 6pm",48,"Private Taxi"," Kyungki-do"
"45","ICN","Korean Air",29,"Korea","Japan","12pm - 6pm",54,"Private Taxi"," Kyungki-do"
"46","ICN","Korean Air",35,"Korea","Southeast Asia","6pm - 9pm",60,"Private Taxi"," Kyungki-do"
"47","ICN","Asiana Airlines",45,"China","China","12pm - 6pm",52,"Private Taxi"," Jeju"
"48","ICN","Korean LCC",28,"Korea","Southeast Asia","6pm - 9pm",45,"Private Taxi"," Kyungki-do"
"49","ICN","Korean LCC",53,"Korea","Southeast Asia","6pm - 9pm",45,"Private Taxi"," Kyungki-do"
"50","ICN","Korean LCC",57,"Korea","Southeast Asia","6pm - 9pm",50,"Public Bus"," Seoul"
"51","ICN","Korean LCC",43,"Southeast Asia","Southeast Asia","6pm - 9pm",44.6521739130435,"Subway"," Seoul"
"52","ICN","Korean LCC",21,"Korea","Southeast Asia","6pm - 9pm",44.6521739130435,"Subway"," Seoul"
"53","ICN","Asiana Airlines",67,"Korea","China","6pm - 9pm",26.4277777777778,"Public Bus"," Seoul"
"54","ICN","Asiana Airlines",66,"Korea","China","6pm - 9pm",78,"Private Car"," Incheon"
"55","ICN","Korean LCC",29,"Korea","Japan","12pm - 6pm",17,"Public Bus"," Kyungki-do"
"56","ICN","Korean Air",30,"Korea","Southeast Asia","12pm - 6pm",64,"Public Train"," Kyungsang-do"
"57","ICN","Asiana Airlines",44,"China","China","12pm - 6pm",31,"Private Car"," Jeju"
"58","ICN","Korean LCC",36,"Korea","Southeast Asia","12pm - 6pm",44.6521739130435,"Public Train"," Chungcheong-do"
"59","ICN","Asiana Airlines",53,"Other","Southeast Asia","6pm - 9pm",75,"Public Train"," Jeju"
"60","ICN","Foreign Airlines",47,"Korea","Japan","12pm - 6pm",20,"Private Taxi"," Seoul"
"61","ICN","Korean Air",27,"Korea","Japan","6pm - 9pm",67,"Public Train"," Kyungsang-do"
"62","ICN","Foreign Airlines",22,"Other","Japan","12pm - 6pm",19,"Subway"," Seoul"
"63","ICN","Korean LCC",28,"Korea","Southeast Asia","6pm - 9pm",38,"Public Bus"," Kyungki-do"
"64","ICN","Foreign Airlines",29,"China","China","6pm - 9pm",30,"Subway"," Seoul"
"65","ICN","Korean Air",47,"Korea","Southeast Asia","6pm - 9pm",61.3809523809524,"Subway"," Kyungki-do"
"66","ICN","Korean Air",38,"Korea","Japan","12pm - 6pm",48.3433333333333,"Private Taxi"," Seoul"
"67","ICN","Asiana Airlines",39,"Korea","Japan","6am - 12pm",60,"Private Taxi"," Seoul"
"68","ICN","Korean LCC",26,"Korea","Southeast Asia","9pm - 6am",44.6521739130435,"Subway"," Incheon"
"69","ICN","Asiana Airlines",28,"Korea","Japan","12pm - 6pm",27.1222222222222,"Subway"," Seoul"
"70","ICN","Korean LCC",22,"Korea","Southeast Asia","6pm - 9pm",24,"Private Car"," Jeonra-do"
"71","ICN","Korean Air",34,"China","China","6pm - 9pm",49.8317857142857,"Public Bus"," Kyungsang-do"
"72","ICN","Asiana Airlines",40,"Korea","China","12pm - 6pm",26.4277777777778,"Private Taxi"," Chungcheong-do"
"73","ICN","Korean LCC",22,"Southeast Asia","Southeast Asia","6pm - 9pm",24,"Public Train"," Jeonra-do"
"74","ICN","Korean LCC",33,"Korea","Southeast Asia","12pm - 6pm",40,"Subway"," Kyungki-do"
"75","ICN","Korean LCC",29,"Korea","Southeast Asia","12pm - 6pm",40,"Subway"," Kyungki-do"
"76","ICN","Asiana Airlines",43,"Korea","Southeast Asia","12pm - 6pm",58.0909090909091,"Public Bus"," Seoul"
"77","ICN","Foreign Airlines",41,"Korea","China","12pm - 6pm",120,"Private Car"," Kyungsang-do"
"78","ICN","Korean Air",30,"Korea","Southeast Asia","12pm - 6pm",65,"Private Car"," Kyungsang-do"
"79","ICN","Asiana Airlines",50,"Korea","Japan","12pm - 6pm",23,"Private Car"," Jeju"
"80","ICN","Asiana Airlines",31,"Korea","China","12pm - 6pm",54,"Private Taxi"," Seoul"
"81","ICN","Korean Air",34,"Korea","China","12pm - 6pm",20,"Private Car"," Seoul"
"82","ICN","Foreign Airlines",47,"Korea","Southeast Asia","12pm - 6pm",40.9473684210526,"Private Taxi"," Seoul"
"83","ICN","Korean Air",40,"Korea","Southeast Asia","12pm - 6pm",80,"Public Train"," Kyungki-do"
"84","ICN","Korean LCC",30,"Korea","Southeast Asia","6pm - 9pm",60,"Public Bus"," Seoul"
"85","ICN","Asiana Airlines",32,"Korea","Southeast Asia","12pm - 6pm",75,"Public Train"," Chungcheong-do"
"86","ICN","Foreign Airlines",45,"Korea","Southeast Asia","12pm - 6pm",61,"Public Train"," Kangwon-do"
"87","ICN","Foreign Airlines",40,"Korea","Southeast Asia","12pm - 6pm",61,"Public Train"," Kangwon-do"
"88","ICN","Foreign Airlines",39,"Korea","Southeast Asia","12pm - 6pm",30,"Private Taxi"," Kyungsang-do"
"89","ICN","Foreign Airlines",37,"Korea","Southeast Asia","12pm - 6pm",41,"Subway"," Kyungsang-do"
"90","ICN","Asiana Airlines",44,"Korea","China","12pm - 6pm",26.4277777777778,"Private Taxi"," Seoul"
"91","ICN","Asiana Airlines",30,"Korea","Southeast Asia","12pm - 6pm",75,"Public Train"," Chungcheong-do"
"92","ICN","Foreign Airlines",49,"Korea","Southeast Asia","6pm - 9pm",999,"Subway"," Jeju"
"93","ICN","Korean Air",50,"Korea","Southeast Asia","6pm - 9pm",61.3809523809524,"Subway"," Incheon"
"94","ICN","Foreign Airlines",52,"Korea","Southeast Asia","9pm - 6am",27,"Private Taxi"," Jeju"
"95","ICN","Foreign Airlines",54,"Korea","Southeast Asia","6pm - 9pm",3,"Private Taxi"," Kyungki-do"
"96","ICN","Asiana Airlines",55,"Korea","China","6pm - 9pm",26.4277777777778,"Subway"," Seoul"
"97","ICN","Korean Air",60,"Korea","Southeast Asia","6pm - 9pm",61.3809523809524,"Private Taxi"," Kyungki-do"
"98","ICN","Korean Air",62,"Korea","Southeast Asia","6pm - 9pm",61.3809523809524,"Private Taxi"," Kyungki-do"
"99","ICN","Foreign Airlines",64,"Korea","Southeast Asia","6pm - 9pm",3,"Private Taxi"," Kyungki-do"
"100","ICN","Korean LCC",27,"Korea","Southeast Asia","12pm - 6pm",60,"Private Taxi"," Seoul"
"101","ICN","Korean LCC",25,"Korea","Southeast Asia","12pm - 6pm",53,"Private Taxi"," Seoul"
"102","ICN","Korean LCC",24,"Korea","Southeast Asia","12pm - 6pm",50,"Private Taxi"," Kyungki-do"
"103","ICN","Korean LCC",28,"Korea","Southeast Asia","12pm - 6pm",23,"Private Taxi"," Seoul"
"104","ICN","Korean LCC",29,"Korea","Southeast Asia","6pm - 9pm",30,"Subway"," Incheon"
"105","ICN","Asiana Airlines",25,"Korea","Southeast Asia","6pm - 9pm",58.0909090909091,"Private Taxi"," Seoul"
"106","ICN","Korean Air",39,"Korea","Other","6pm - 9pm",100,"Public Train"," Kyungki-do"
"107","ICN","Foreign Airlines",30,"Korea","Southeast Asia","12pm - 6pm",60,"Private Taxi"," Jeonra-do"
"108","ICN","Korean LCC",36,"Korea","Southeast Asia","6pm - 9pm",30,"Public Bus"," Incheon"
"109","ICN","Korean Air",31,"Korea","Southeast Asia","6pm - 9pm",62,"Private Taxi"," Seoul"
"110","ICN","Korean LCC",30,"Korea","Southeast Asia","6pm - 9pm",999,"Public Train"," Seoul"
"111","ICN","Korean Air",36,"Korea","Other","9pm - 6am",150,"Private Taxi"," Kyungsang-do"
"112","ICN","Asiana Airlines",31,"Korea","Japan","9pm - 6am",27.1222222222222,"Private Car"," Jeju"
"113","ICN","Asiana Airlines",37,"Korea","China","6pm - 9pm",41,"Private Taxi"," Kyungki-do"
"114","ICN","Korean Air",43,"Korea","Other","6pm - 9pm",120,"Private Taxi"," Kyungki-do"
"115","ICN","Korean LCC",45,"Korea","Southeast Asia","6pm - 9pm",35,"Public Train"," Chungcheong-do"
"116","ICN","Korean Air",42,"Korea","Southeast Asia","12pm - 6pm",50,"Private Taxi"," Seoul"
"117","ICN","Asiana Airlines",44,"Korea","Southeast Asia","6pm - 9pm",55,"Private Taxi"," Seoul"
"118","ICN","Foreign Airlines",55,"Korea","China","6pm - 9pm",37.25,"Private Taxi"," Jeju"
"119","ICN","Foreign Airlines",52,"Korea","China","6pm - 9pm",37.25,"Subway"," Incheon"
"120","ICN","Korean Air",50,"Korea","Japan","6pm - 9pm",48.3433333333333,"Private Taxi"," Jeju"
"121","ICN","Foreign Airlines",69,"Korea","Other","9pm - 6am",50,"Private Car"," Seoul"
"122","ICN","Korean Air",30,"Korea","Other","6pm - 9pm",134.571428571429,"Private Taxi"," Seoul"
"123","ICN","Asiana Airlines",30,"Korea","Southeast Asia","6pm - 9pm",58.0909090909091,"Public Bus"," Seoul"
"124","ICN","Asiana Airlines",32,"Korea","Southeast Asia","6pm - 9pm",58.0909090909091,"Public Bus"," Seoul"
"125","ICN","Foreign Airlines",47,"Korea","Southeast Asia","6pm - 9pm",999,"Subway"," Jeju"
"126","ICN","Korean Air",47,"Korea","Southeast Asia","6pm - 9pm",61.3809523809524,"Subway"," Jeju"
"127","ICN","Asiana Airlines",47,"Korea","Southeast Asia","6pm - 9pm",58.0909090909091,"Subway"," Seoul"
"128","ICN","Korean LCC",37,"Southeast Asia","Southeast Asia","9pm - 6am",65,"Private Car"," Jeju"
"129","ICN","Foreign Airlines",24,"Korea","Southeast Asia","6am - 12pm",56,"Private Taxi"," Seoul"
"130","ICN","Korean Air",33,"China","China","6pm - 9pm",49.8317857142857,"Private Car"," Seoul"
"131","ICN","Korean Air",30,"Korea","Southeast Asia","6pm - 9pm",53,"Private Taxi"," Kyungki-do"
"132","ICN","Korean LCC",30,"Korea","Southeast Asia","6pm - 9pm",40,"Private Taxi"," Kyungki-do"
"133","ICN","Korean Air",50,"Korea","Southeast Asia","6am - 12pm",61.3809523809524,"Private Car"," Kyungki-do"
"134","ICN","Korean Air",35,"Korea","Other","12pm - 6pm",222,"Private Car"," Seoul"
"135","ICN","Asiana Airlines",43,"Korea","Southeast Asia","6pm - 9pm",57,"Private Taxi"," Kyungsang-do"
"136","ICN","Asiana Airlines",27,"Other","Other","6pm - 9pm",14,"Subway"," Jeju"
"137","ICN","Korean LCC",32,"Korea","Southeast Asia","6pm - 9pm",64,"Public Train"," Kyungsang-do"
"138","ICN","Korean LCC",33,"Korea","Southeast Asia","6pm - 9pm",30,"Public Train"," Incheon"
"139","ICN","Asiana Airlines",36,"Southeast Asia","Southeast Asia","6pm - 9pm",58.0909090909091,"Private Taxi"," Kyungsang-do"
"140","ICN","Korean LCC",33,"Southeast Asia","Southeast Asia","9pm - 6am",50,"Private Taxi"," Seoul"
"141","ICN","Foreign Airlines",30,"Southeast Asia","Southeast Asia","9pm - 6am",30,"Private Car"," Seoul"
"142","ICN","Foreign Airlines",29,"Southeast Asia","Southeast Asia","9pm - 6am",30,"Private Taxi"," Incheon"
"143","ICN","Asiana Airlines",22,"Southeast Asia","Southeast Asia","9pm - 6am",50,"Public Bus"," Chungcheong-do"
"144","ICN","Korean Air",44,"Korea","Southeast Asia","6pm - 9pm",89,"Public Train"," Kyungsang-do"
"145","ICN","Korean Air",54,"Korea","China","9pm - 6am",49.8317857142857,"Public Train"," Chungcheong-do"
"146","ICN","Asiana Airlines",40,"Korea","Southeast Asia","6pm - 9pm",58.0909090909091,"Subway"," Seoul"
"147","ICN","Asiana Airlines",42,"Korea","Southeast Asia","6pm - 9pm",58.0909090909091,"Public Train"," Seoul"
"148","ICN","Foreign Airlines",44,"Other","Other","12pm - 6pm",50,"Public Train"," Jeju"
"149","ICN","Korean Air",31,"Korea","Southeast Asia","12pm - 6pm",60,"Public Train"," Seoul"
"150","ICN","Korean Air",21,"Korea","Southeast Asia","12pm - 6pm",60,"Public Train"," Seoul"
"151","ICN","Foreign Airlines",44,"Southeast Asia","Southeast Asia","6pm - 9pm",50,"Public Train"," Kyungsang-do"
"152","ICN","Korean LCC",24,"Korea","Southeast Asia","6pm - 9pm",44.6521739130435,"Public Train"," Kyungsang-do"
"153","ICN","Asiana Airlines",52,"Korea","Southeast Asia","12pm - 6pm",70,"Private Taxi"," Seoul"
"154","ICN","Korean LCC",71,"Other","Southeast Asia","6pm - 9pm",50,"Private Car"," Seoul"
"155","ICN","Asiana Airlines",54,"Korea","Japan","6pm - 9pm",50,"Private Taxi"," Jeju"
"156","ICN","Asiana Airlines",37,"Southeast Asia","Southeast Asia","6pm - 9pm",76,"Private Taxi"," Seoul"
"157","ICN","Asiana Airlines",37,"Korea","China","6pm - 9pm",30,"Public Bus"," Kyungki-do"
"158","ICN","Asiana Airlines",41,"Korea","Southeast Asia","6pm - 9pm",36,"Private Taxi"," Seoul"
"159","ICN","Korean LCC",27,"Korea","Southeast Asia","6pm - 9pm",40,"Private Taxi"," Seoul"
"160","ICN","Korean LCC",28,"Korea","Southeast Asia","6pm - 9pm",31,"Public Bus"," Seoul"
"161","ICN","Korean LCC",29,"Southeast Asia","Southeast Asia","6pm - 9pm",31,"Private Taxi"," Seoul"
"162","ICN","Korean Air",56,"Japan","Japan","12pm - 6pm",260,"Private Car"," Jeju"
"163","ICN","Asiana Airlines",59,"Korea","Southeast Asia","6pm - 9pm",50,"Private Taxi"," Seoul"
"164","ICN","Korean Air",30,"Korea","Southeast Asia","12pm - 6pm",50,"Private Taxi"," Seoul"
"165","ICN","Korean Air",28,"Southeast Asia","Southeast Asia","6pm - 9pm",45,"Public Train"," Kyungsang-do"
"166","ICN","Korean Air",21,"Korea","China","6pm - 9pm",45,"Private Taxi"," Jeju"
"167","ICN","Korean LCC",29,"Korea","Southeast Asia","6pm - 9pm",56,"Private Taxi"," Seoul"
"168","ICN","Korean Air",26,"Korea","China","12pm - 6pm",28,"Private Car"," Seoul"
"169","ICN","Korean Air",25,"Korea","Southeast Asia","12pm - 6pm",61.3809523809524,"Private Taxi"," Seoul"
"170","ICN","Foreign Airlines",37,"Korea","Southeast Asia","6pm - 9pm",53,"Subway"," Seoul"
"171","ICN","Korean LCC",33,"Korea","Southeast Asia","6pm - 9pm",56,"Public Bus"," Kyungki-do"
"172","ICN","Korean LCC",34,"Korea","Southeast Asia","9pm - 6am",53,"Public Bus"," Kyungki-do"
"173","ICN","Korean LCC",35,"Korea","Southeast Asia","9pm - 6am",58,"Private Car"," Seoul"
"174","ICN","Asiana Airlines",45,"Korea","Southeast Asia","9pm - 6am",75,"Private Taxi"," Seoul"
"175","ICN","Foreign Airlines",41,"Korea","Southeast Asia","6pm - 9pm",53,"Subway"," Seoul"
"176","ICN","Korean Air",47,"Korea","Southeast Asia","12pm - 6pm",69,"Private Taxi"," Seoul"
"177","ICN","Korean Air",55,"Korea","China","12pm - 6pm",28,"Public Bus"," Kyungki-do"
"178","ICN","Korean Air",59,"Korea","Southeast Asia","6pm - 9pm",61.3809523809524,"Private Taxi"," Seoul"
"179","ICN","Korean Air",54,"Korea","Southeast Asia","6pm - 9pm",82,"Private Taxi"," Seoul"
"180","ICN","Korean LCC",63,"Korea","Southeast Asia","9pm - 6am",58,"Private Car"," Seoul"
"181","ICN","Korean LCC",80,"Korea","Southeast Asia","6pm - 9pm",50,"Private Car"," Seoul"
"182","ICN","Asiana Airlines",35,"Korea","Southeast Asia","12pm - 6pm",30,"Subway"," Seoul"
"183","ICN","Korean Air",50,"Korea","Southeast Asia","6pm - 9pm",50,"Subway"," Seoul"
"184","ICN","Asiana Airlines",62,"Korea","China","6pm - 9pm",26.4277777777778,"Private Car"," Incheon"
"185","ICN","Asiana Airlines",19,"Korea","China","6pm - 9pm",78,"Private Car"," Incheon"
"186","ICN","Korean Air",43,"Southeast Asia","Southeast Asia","12pm - 6pm",70,"Private Taxi"," Kyungki-do"
"187","ICN","Foreign Airlines",30,"Korea","China","6pm - 9pm",50,"Subway"," Seoul"
"188","ICN","Asiana Airlines",55,"Korea","China","6pm - 9pm",66,"Public Train"," Kyungsang-do"
"189","ICN","Korean Air",35,"Korea","Southeast Asia","6pm - 9pm",45,"Public Train"," Kyungsang-do"
"190","ICN","Foreign Airlines",30,"Korea","China","6pm - 9pm",50,"Subway"," Jeju"
"191","ICN","Korean LCC",27,"Korea","Southeast Asia","6pm - 9pm",40,"Subway"," Seoul"
"192","ICN","Foreign Airlines",42,"Korea","Japan","12pm - 6pm",20,"Private Car"," Seoul"
"193","ICN","Korean Air",67,"Korea","Southeast Asia","12pm - 6pm",61.3809523809524,"Public Train"," Kyungsang-do"
"194","ICN","Asiana Airlines",45,"Korea","China","12pm - 6pm",45,"Private Car"," Kyungsang-do"
"195","ICN","Foreign Airlines",27,"Korea","Southeast Asia","12pm - 6pm",50,"Private Taxi"," Jeju"
"196","ICN","Korean Air",35,"Other","Southeast Asia","6pm - 9pm",50,"Private Taxi"," Seoul"
"197","ICN","Foreign Airlines",21,"Southeast Asia","Southeast Asia","9pm - 6am",27,"Public Bus"," Seoul"
"198","ICN","Korean Air",23,"Southeast Asia","Southeast Asia","6pm - 9pm",56,"Private Taxi"," Seoul"
"199","ICN","Korean LCC",29,"Korea","Southeast Asia","6am - 12pm",40,"Private Taxi"," Seoul"
"200","ICN","Foreign Airlines",43,"Korea","China","6pm - 9pm",35,"Public Bus"," Kyungki-do"
"201","ICN","Foreign Airlines",52,"Korea","Southeast Asia","6am - 12pm",999,"Private Taxi"," Kyungki-do"
"202","ICN","Korean LCC",43,"Korea","Japan","12pm - 6pm",11,"Private Car"," Kyungki-do"
"203","ICN","Korean Air",51,"Korea","Southeast Asia","12pm - 6pm",61.3809523809524,"Private Car"," Kyungki-do"
"204","ICN","Korean Air",22,"Korea","China","12pm - 6pm",57,"Subway"," Seoul"
"205","ICN","Foreign Airlines",30,"Korea","Southeast Asia","6am - 12pm",40.9473684210526,"Subway"," Kyungki-do"
"206","ICN","Asiana Airlines",23,"Korea","Japan","9pm - 6am",52,"Subway"," Seoul"
"207","ICN","Korean Air",30,"Korea","Japan","9pm - 6am",48.3433333333333,"Subway"," Kyungki-do"
"208","ICN","Asiana Airlines",37,"Korea","Southeast Asia","6pm - 9pm",100,"Subway"," Kyungki-do"
"209","ICN","Korean Air",33,"Korea","Southeast Asia","6pm - 9pm",61.3809523809524,"Private Taxi"," Kyungki-do"
"210","ICN","Asiana Airlines",29,"China","China","6pm - 9pm",52,"Private Car"," Kyungki-do"
"211","ICN","Korean Air",50,"Korea","Southeast Asia","6pm - 9pm",50,"Private Car"," Kyungki-do"
"212","ICN","Asiana Airlines",25,"Korea","Japan","9pm - 6am",30,"Public Bus"," Kyungki-do"
"213","ICN","Foreign Airlines",23,"Korea","China","6pm - 9pm",37.25,"Subway"," Seoul"
"214","ICN","Korean Air",20,"Korea","Japan","6pm - 9pm",36,"Public Bus"," Kyungki-do"
"215","ICN","Asiana Airlines",27,"Korea","Southeast Asia","6pm - 9pm",58.0909090909091,"Subway"," Seoul"
"216","ICN","Asiana Airlines",22,"Korea","China","6pm - 9pm",40,"Public Bus"," Jeonra-do"
"217","ICN","Asiana Airlines",62,"Korea","China","6pm - 9pm",26.4277777777778,"Private Taxi"," Kyungki-do"
"218","ICN","Foreign Airlines",53,"Korea","Southeast Asia","9pm - 6am",50,"Private Car"," Kyungki-do"
"219","ICN","Korean Air",41,"Korea","Southeast Asia","6pm - 9pm",61.3809523809524,"Subway"," Kyungki-do"
"220","ICN","Foreign Airlines",52,"Korea","Southeast Asia","9pm - 6am",50,"Private Car"," Seoul"
"221","ICN","Asiana Airlines",60,"Korea","China","6pm - 9pm",26.4277777777778,"Subway"," Kyungki-do"
"222","ICN","Foreign Airlines",41,"Korea","Southeast Asia","6pm - 9pm",20,"Private Taxi"," Kyungki-do"
"223","ICN","Foreign Airlines",45,"Korea","China","6pm - 9pm",34,"Private Taxi"," Incheon"
"224","ICN","Asiana Airlines",37,"Korea","Southeast Asia","9pm - 6am",40,"Private Car"," Seoul"
"225","ICN","Asiana Airlines",22,"Korea","China","6pm - 9pm",26.4277777777778,"Subway"," Seoul"
"226","ICN","Asiana Airlines",25,"Korea","Japan","9pm - 6am",27.1222222222222,"Subway"," Seoul"
"227","ICN","Korean Air",27,"Korea","Other","6pm - 9pm",134.571428571429,"Private Taxi"," Seoul"
"228","ICN","Asiana Airlines",33,"Korea","Southeast Asia","6pm - 9pm",58.0909090909091,"Private Taxi"," Seoul"
"229","ICN","Korean LCC",43,"Korea","Southeast Asia","6pm - 9pm",70,"Private Car"," Seoul"
"230","GMP","Asiana Airlines",44,"Japan","Japan","12pm - 6pm",70,"Private Car"," Kyungki-do"
"231","GMP","Asiana Airlines",45,"Korea","Japan","12pm - 6pm",70,"Private Car"," Jeju"
"232","GMP","Korean LCC",58,"Korea","Japan","12pm - 6pm",23,"Private Taxi"," Jeju"
"233","GMP","Foreign Airlines",20,"China","China","6pm - 9pm",67,"Subway"," Seoul"
"234","GMP","Asiana Airlines",32,"Korea","China","12pm - 6pm",30,"Private Taxi"," Chungcheong-do"
"235","GMP","Asiana Airlines",76,"Korea","Japan","6pm - 9pm",24,"Private Car"," Kyungki-do"
"236","GMP","Foreign Airlines",26,"China","China","6pm - 9pm",30,"Private Taxi"," Jeju"
"237","GMP","Foreign Airlines",40,"Korea","China","6pm - 9pm",89,"Private Car"," Kyungsang-do"
"238","GMP","Foreign Airlines",19,"Other","China","6pm - 9pm",52.7222222222222,"Public Bus"," Jeju"
"239","GMP","Foreign Airlines",27,"China","China","6pm - 9pm",86,"Private Taxi"," Jeju"
"240","GMP","Asiana Airlines",60,"Korea","Japan","6pm - 9pm",36.216,"Private Taxi"," Jeju"
"241","GMP","Foreign Airlines",45,"China","China","6pm - 9pm",87,"Private Taxi"," Jeju"
"242","GMP","Korean Air",37,"Japan","Japan","6pm - 9pm",70,"Private Car"," Jeju"
"243","GMP","Foreign Airlines",55,"Korea","China","6pm - 9pm",50,"Private Car"," Seoul"
"244","GMP","Foreign Airlines",23,"China","China","6pm - 9pm",24,"Subway"," Jeju"
"245","GMP","Foreign Airlines",23,"China","China","6pm - 9pm",24,"Subway"," Jeju"
"246","GMP","Foreign Airlines",62,"Korea","Japan","6pm - 9pm",20,"Subway"," Seoul"
"247","GMP","Foreign Airlines",60,"Korea","Japan","6pm - 9pm",20,"Subway"," Seoul"
"248","GMP","Asiana Airlines",25,"Korea","Japan","6pm - 9pm",36.216,"Private Car"," Seoul"
"249","GMP","Asiana Airlines",40,"Korea","Japan","12pm - 6pm",34.14,"Public Bus"," Chungcheong-do"
"250","GMP","Korean Air",50,"Korea","Japan","12pm - 6pm",40,"Private Taxi"," Jeju"
"251","GMP","Asiana Airlines",53,"Other","Japan","12pm - 6pm",35,"Private Taxi"," Seoul"
"252","GMP","Asiana Airlines",39,"Other","Japan","12pm - 6pm",35,"Private Car"," Kyungki-do"
"253","GMP","Asiana Airlines",17,"Korea","China","12pm - 6pm",33.4775,"Private Car"," Jeju"
"254","GMP","Asiana Airlines",21,"Korea","China","12pm - 6pm",33.4775,"Private Taxi"," Kyungki-do"
"255","GMP","Korean Air",43,"Other","China","12pm - 6pm",37,"Private Taxi"," Jeju"
"256","GMP","Asiana Airlines",50,"Korea","Japan","6pm - 9pm",50,"Private Taxi"," Jeju"
"257","GMP","Asiana Airlines",20,"Korea","Japan","6pm - 9pm",50,"Subway"," Kyungki-do"
"258","GMP","Asiana Airlines",28,"Korea","Japan","12pm - 6pm",50,"Private Car"," Seoul"
"259","GMP","Asiana Airlines",32,"Korea","Japan","6pm - 9pm",70,"Public Train"," Jeju"
"260","GMP","Asiana Airlines",39,"Japan","Japan","6pm - 9pm",35,"Private Taxi"," Seoul"
"261","GMP","Korean Air",19,"Korea","Japan","6pm - 9pm",52.926,"Private Taxi"," Seoul"
"262","GMP","Korean Air",50,"Japan","Japan","6pm - 9pm",30,"Subway"," Incheon"
"263","GMP","Asiana Airlines",40,"Southeast Asia","Japan","6pm - 9pm",36.216,"Private Taxi"," Seoul"
"264","GMP","Asiana Airlines",35,"Japan","Japan","6pm - 9pm",90,"Private Taxi"," Jeju"
"265","GMP","Asiana Airlines",23,"Korea","Japan","6pm - 9pm",30,"Subway"," Seoul"
"266","GMP","Asiana Airlines",27,"Korea","Japan","6pm - 9pm",40,"Subway"," Seoul"
"267","GMP","Asiana Airlines",54,"Korea","Other","6am - 12pm",999,"Private Car"," Jeju"
"268","GMP","Foreign Airlines",48,"Korea","China","6pm - 9pm",78,"Private Taxi"," Jeju"
"269","GMP","Asiana Airlines",26,"Japan","Japan","6pm - 9pm",40,"Subway"," Seoul"
"270","GMP","Asiana Airlines",30,"Korea","China","12pm - 6pm",42,"Private Car"," Incheon"
"271","GMP","Asiana Airlines",32,"Korea","China","12pm - 6pm",42,"Private Car"," Seoul"
"272","GMP","Korean Air",36,"Korea","Japan","12pm - 6pm",52.926,"Private Taxi"," Seoul"
"273","GMP","Korean Air",34,"Korea","China","12pm - 6pm",48.05,"Other"," Jeju"
"274","GMP","Korean Air",49,"Korea","Japan","12pm - 6pm",52.926,"Private Car"," Jeju"
"275","GMP","Asiana Airlines",30,"Korea","China","12pm - 6pm",40,"Public Bus"," Kyungki-do"
"276","GMP","Asiana Airlines",60,"Korea","Japan","12pm - 6pm",36.216,"Public Train"," Kyungsang-do"
"277","GMP","Asiana Airlines",35,"Korea","Japan","6pm - 9pm",64,"Private Taxi"," Incheon"
"278","GMP","Foreign Airlines",40,"Korea","China","6pm - 9pm",26,"Private Taxi"," Jeju"
"279","GMP","Korean Air",44,"Korea","Japan","6pm - 9pm",58,"Private Car"," Jeju"
"280","GMP","Asiana Airlines",40,"Korea","Japan","12pm - 6pm",36.216,"Private Car"," Seoul"
"281","GMP","Korean Air",68,"Japan","Japan","6pm - 9pm",52.926,"Public Bus"," Jeju"
"282","GMP","Korean LCC",28,"Korea","Southeast Asia","6am - 12pm",30,"Public Bus"," Seoul"
"283","GMP","Korean Air",37,"Korea","China","6am - 12pm",50,"Subway"," Seoul"
"284","GMP","Asiana Airlines",30,"China","China","12pm - 6pm",34,"Subway"," Seoul"
"285","GMP","Foreign Airlines",47,"Korea","China","12pm - 6pm",52.7222222222222,"Private Car"," Kyungki-do"
"286","GMP","Asiana Airlines",53,"Korea","China","12pm - 6pm",30,"Public Bus"," Seoul"
"287","GMP","Korean LCC",60,"Korea","Southeast Asia","6am - 12pm",30,"Public Bus"," Seoul"
"288","GMP","Foreign Airlines",66,"Korea","Japan","12pm - 6pm",60,"Private Car"," Seoul"
"289","GMP","Korean Air",72,"Korea","China","12pm - 6pm",45.9,"Private Car"," Jeonra-do"
"290","GMP","Foreign Airlines",32,"Korea","Southeast Asia","12pm - 6pm",35,"Private Taxi"," Kyungki-do"
"291","GMP","Foreign Airlines",22,"China","China","12pm - 6pm",52.7222222222222,"Private Car"," Incheon"
"292","GMP","Foreign Airlines",28,"Korea","Southeast Asia","12pm - 6pm",35,"Private Taxi"," Kyungki-do"
"293","GMP","Foreign Airlines",30,"Japan","Japan","12pm - 6pm",53,"Private Car"," Incheon"
"294","GMP","Korean Air",47,"Japan","999","6am - 12pm",35,"Private Taxi"," Kyungki-do"
"295","GMP","Korean Air",23,"Korea","Japan","6am - 12pm",40,"Private Car"," Seoul"
"296","GMP","Foreign Airlines",51,"Other","Other","6am - 12pm",11,"Private Taxi"," Kangwon-do"
"297","GMP","Korean Air",36,"China","China","6am - 12pm",50,"Subway"," Kyungki-do"
"298","GMP","Foreign Airlines",29,"Korea","Japan","12pm - 6pm",45,"Private Car"," Seoul"
"299","GMP","Korean LCC",44,"Japan","Japan","12pm - 6pm",20,"Private Taxi"," Kyungki-do"
"300","GMP","Foreign Airlines",25,"Korea","Japan","12pm - 6pm",50,"Private Car"," Kyungki-do"
"301","GMP","Foreign Airlines",54,"Korea","Japan","12pm - 6pm",66,"Private Taxi"," Seoul"
"302","GMP","Korean LCC",27,"Other","Southeast Asia","6am - 12pm",42.1666666666667,"Private Taxi"," Kyungki-do"
"303","GMP","Foreign Airlines",40,"Korea","China","12pm - 6pm",52.7222222222222,"Private Car"," Seoul"
"304","GMP","Korean Air",74,"Korea","China","12pm - 6pm",48.05,"Private Taxi"," Kyungki-do"
"305","GMP","Korean Air",68,"Korea","China","12pm - 6pm",48.05,"Private Taxi"," Kyungki-do"
"306","GMP","Korean LCC",60,"Korea","Japan","12pm - 6pm",19,"Private Taxi"," Jeju"
"307","GMP","Foreign Airlines",34,"Korea","Japan","6pm - 9pm",60,"Private Taxi"," Kyungki-do"
"308","GMP","Foreign Airlines",40,"Japan","Japan","6pm - 9pm",46.8285714285714,"Subway"," Jeju"
"309","GMP","Foreign Airlines",38,"Korea","China","12pm - 6pm",32,"Subway"," Seoul"
"310","GMP","Korean LCC",45,"Japan","Japan","12pm - 6pm",21,"Private Taxi"," Jeju"
"311","GMP","Korean LCC",29,"Korea","Japan","12pm - 6pm",24,"Public Bus"," Seoul"
"312","GMP","Korean Air",45,"Japan","Japan","12pm - 6pm",25,"Public Bus"," Kyungki-do"
"313","GMP","Korean Air",61,"Korea","Japan","12pm - 6pm",60,"Private Taxi"," Jeonra-do"
"314","GMP","Korean Air",19,"Korea","Japan","12pm - 6pm",40,"Private Car"," Seoul"
"315","GMP","Korean Air",33,"Korea","China","12pm - 6pm",60,"Private Car"," Seoul"
"316","GMP","Korean Air",46,"Korea","China","12pm - 6pm",48.05,"Private Car"," Kyungki-do"
"317","GMP","Korean Air",23,"Korea","Japan","12pm - 6pm",45,"Private Taxi"," Seoul"
"318","GMP","Foreign Airlines",35,"Japan","Japan","6pm - 9pm",200,"Private Taxi"," Jeju"
"319","GMP","Asiana Airlines",42,"Korea","Japan","12pm - 6pm",36.216,"Private Car"," Seoul"
"320","GMP","Korean Air",52,"Korea","Japan","12pm - 6pm",20,"Subway"," Kyungki-do"
"321","GMP","Korean Air",35,"Korea","Japan","6pm - 9pm",20,"Subway"," Seoul"
"322","GMP","Foreign Airlines",24,"China","China","6pm - 9pm",67,"Subway"," Jeju"
"323","GMP","Asiana Airlines",34,"Korea","Japan","12pm - 6pm",30,"Private Car"," Jeju"
"324","GMP","Foreign Airlines",27,"Japan","Japan","6pm - 9pm",46.8285714285714,"Private Taxi"," Jeju"
"325","GMP","Foreign Airlines",55,"Japan","Japan","6pm - 9pm",40,"Subway"," Jeju"
"326","GMP","Asiana Airlines",45,"Korea","Japan","6pm - 9pm",50,"Private Taxi"," Kyungki-do"
"327","GMP","Korean Air",59,"Korea","China","6pm - 9pm",48.05,"Subway"," Kyungki-do"
"328","GMP","Foreign Airlines",22,"Korea","Japan","6pm - 9pm",33,"Public Train"," Seoul"
"329","GMP","Asiana Airlines",43,"Japan","Japan","6pm - 9pm",18,"Public Train"," Jeju"
"330","GMP","Foreign Airlines",39,"China","China","6pm - 9pm",52.7222222222222,"Private Taxi"," Jeju"
"331","GMP","Asiana Airlines",21,"Southeast Asia","Japan","6pm - 9pm",50,"Private Taxi"," Jeju"
"332","GMP","Foreign Airlines",20,"Japan","Japan","6pm - 9pm",40,"Subway"," Jeju"
"333","GMP","Foreign Airlines",22,"Japan","Japan","6pm - 9pm",40,"Subway"," Jeju"
"334","GMP","Foreign Airlines",23,"Korea","Japan","12pm - 6pm",45,"Public Bus"," Seoul"
"335","GMP","Foreign Airlines",21,"Korea","Japan","12pm - 6pm",45,"Subway"," Kyungki-do"
"336","GMP","Foreign Airlines",26,"China","China","6pm - 9pm",52.7222222222222,"Public Train"," Jeju"
"337","GMP","Foreign Airlines",25,"China","China","6pm - 9pm",52.7222222222222,"Public Train"," Jeju"
"338","GMP","Korean Air",62,"Korea","Japan","12pm - 6pm",30,"Private Car"," Seoul"
"339","GMP","Korean Air",68,"Korea","China","12pm - 6pm",48.05,"Private Car"," Kyungki-do"
"340","GMP","Korean Air",62,"Korea","China","12pm - 6pm",48.05,"Subway"," Kyungki-do"
"341","GMP","Korean Air",60,"Korea","Japan","12pm - 6pm",60,"Private Taxi"," Kyungki-do"
"342","GMP","Korean Air",65,"Korea","Japan","12pm - 6pm",60,"Private Taxi"," Kyungki-do"
"343","GMP","Korean Air",70,"Korea","China","12pm - 6pm",48.05,"Private Car"," Jeonra-do"
"344","GMP","Foreign Airlines",67,"Korea","China","12pm - 6pm",52.7222222222222,"Subway"," Seoul"
"345","GMP","Foreign Airlines",67,"Korea","Japan","12pm - 6pm",40,"Private Taxi"," Seoul"
"346","GMP","Asiana Airlines",70,"Korea","China","12pm - 6pm",33.4775,"Private Taxi"," Chungcheong-do"
"347","GMP","Korean Air",50,"Korea","Japan","12pm - 6pm",52.926,"Subway"," Seoul"
"348","GMP","Korean Air",51,"Korea","Japan","6am - 12pm",65,"Private Taxi"," Kyungki-do"
"349","GMP","Foreign Airlines",56,"Korea","Japan","12pm - 6pm",32.5,"Private Taxi"," Kyungki-do"
"350","GMP","Foreign Airlines",58,"Korea","Japan","12pm - 6pm",46.8285714285714,"Private Taxi"," Kyungki-do"
"351","GMP","Foreign Airlines",55,"Korea","Japan","12pm - 6pm",32.5,"Private Car"," Kyungki-do"
"352","GMP","Foreign Airlines",55,"Korea","Japan","12pm - 6pm",50,"Private Taxi"," Seoul"
"353","GMP","Foreign Airlines",51,"Korea","China","12pm - 6pm",40,"Private Taxi"," Seoul"
"354","GMP","Korean LCC",53,"Korea","Southeast Asia","6am - 12pm",60,"Public Train"," Kyungsang-do"
"355","GMP","Asiana Airlines",53,"Korea","Japan","6am - 12pm",40,"Private Taxi"," Kyungki-do"
"356","GMP","Asiana Airlines",59,"Korea","Japan","12pm - 6pm",50,"Subway"," Kyungki-do"
"357","GMP","Korean Air",60,"Korea","Japan","6am - 12pm",100,"Private Taxi"," Seoul"
"358","GMP","Foreign Airlines",61,"Korea","Japan","12pm - 6pm",40,"Private Taxi"," Kyungki-do"
"359","GMP","Asiana Airlines",62,"Korea","China","12pm - 6pm",33.4775,"Private Taxi"," Chungcheong-do"
"360","GMP","Foreign Airlines",62,"Korea","China","12pm - 6pm",52.7222222222222,"Subway"," Seoul"
"361","GMP","Foreign Airlines",66,"Japan","Japan","12pm - 6pm",77,"Subway"," Jeju"
"362","GMP","Korean Air",66,"Korea","China","12pm - 6pm",48.05,"Other"," Kyungki-do"
"363","GMP","Korean Air",60,"Korea","Japan","12pm - 6pm",40,"Public Bus"," Seoul"
"364","GMP","Korean LCC",43,"Korea","Southeast Asia","6am - 12pm",42.1666666666667,"Subway"," Incheon"
"365","GMP","Korean Air",46,"Korea","Japan","12pm - 6pm",52.926,"Private Taxi"," Seoul"
"366","GMP","Foreign Airlines",43,"Korea","Japan","12pm - 6pm",40,"Private Taxi"," Seoul"
"367","GMP","Foreign Airlines",45,"Korea","Japan","12pm - 6pm",38,"Private Taxi"," Seoul"
"368","GMP","Foreign Airlines",44,"Korea","Japan","12pm - 6pm",40,"Subway"," Seoul"
"369","GMP","Korean LCC",49,"Korea","Southeast Asia","6am - 12pm",60,"Private Taxi"," Kyungki-do"
"370","GMP","Asiana Airlines",43,"China","Japan","12pm - 6pm",33,"Subway"," Jeju"
"371","GMP","Foreign Airlines",41,"Korea","China","12pm - 6pm",33,"Private Taxi"," Jeju"
"372","GMP","Korean Air",46,"Korea","China","12pm - 6pm",48.05,"Private Car"," Jeonra-do"
"373","GMP","Korean Air",53,"Korea","Japan","12pm - 6pm",40,"Private Car"," Seoul"
"374","GMP","Korean Air",53,"Korea","China","6am - 12pm",35,"Private Taxi"," Kyungki-do"
"375","GMP","Korean Air",57,"Korea","China","12pm - 6pm",48.05,"Private Car"," Seoul"
"376","GMP","Foreign Airlines",59,"Korea","Japan","12pm - 6pm",5,"Subway"," Kyungki-do"
"377","GMP","Korean Air",56,"Korea","Japan","12pm - 6pm",52.926,"Subway"," Seoul"
"378","GMP","Foreign Airlines",32,"Korea","Japan","12pm - 6pm",30,"Private Taxi"," Seoul"
"379","GMP","Korean Air",33,"China","China","12pm - 6pm",48.05,"Private Taxi"," Kyungki-do"
"380","GMP","Korean LCC",38,"Korea","Southeast Asia","6am - 12pm",50,"Public Bus"," Kangwon-do"
"381","GMP","Korean LCC",37,"Korea","Southeast Asia","6am - 12pm",50,"Private Taxi"," Kangwon-do"
"382","GMP","Korean LCC",30,"Korea","Southeast Asia","6am - 12pm",64,"Public Bus"," Incheon"
"383","GMP","Foreign Airlines",33,"Korea","Other","12pm - 6pm",89,"Subway"," Seoul"
"384","GMP","Foreign Airlines",31,"Korea","China","12pm - 6pm",120,"Private Car"," Seoul"
"385","GMP","Korean LCC",30,"Korea","Southeast Asia","9pm - 6am",34,"Private Taxi"," Seoul"
"386","GMP","Foreign Airlines",48,"Korea","Japan","12pm - 6pm",46.8285714285714,"Subway"," Kyungki-do"
"387","GMP","Foreign Airlines",46,"Korea","Japan","12pm - 6pm",40,"Private Car"," Kyungki-do"
"388","GMP","Korean Air",43,"Korea","Japan","12pm - 6pm",40,"Private Car"," Kyungki-do"
"389","GMP","Korean LCC",40,"Korea","Southeast Asia","6am - 12pm",42.1666666666667,"Private Car"," Incheon"
"390","GMP","Korean LCC",46,"Korea","Southeast Asia","6am - 12pm",42.1666666666667,"Private Car"," Incheon"
"391","GMP","Asiana Airlines",42,"Korea","China","6am - 12pm",33.4775,"Private Car"," Kyungki-do"
"392","GMP","Korean Air",42,"Korea","China","6am - 12pm",48.05,"Private Car"," Seoul"
"393","GMP","Korean Air",43,"Korea","Japan","6am - 12pm",40,"Private Taxi"," Seoul"
"394","GMP","Foreign Airlines",43,"Korea","Japan","12pm - 6pm",31,"Subway"," Kyungki-do"
"395","GMP","Korean LCC",25,"Korea","Southeast Asia","6am - 12pm",40,"Private Taxi"," Kyungki-do"
"396","GMP","Foreign Airlines",28,"Korea","China","12pm - 6pm",120,"Private Car"," Seoul"
"397","GMP","Foreign Airlines",26,"Korea","China","6am - 12pm",52,"Private Car"," Seoul"
"398","GMP","Foreign Airlines",20,"Korea","China","12pm - 6pm",44,"Public Bus"," Kyungki-do"
"399","GMP","Korean LCC",31,"Korea","Southeast Asia","6am - 12pm",39,"Subway"," Seoul"
"400","GMP","Korean LCC",33,"Korea","Southeast Asia","6am - 12pm",40,"Subway"," Seoul"
"401","GMP","Korean LCC",33,"Korea","Southeast Asia","6am - 12pm",39,"Public Bus"," Jeju"
"402","GMP","Korean LCC",39,"Korea","Southeast Asia","6am - 12pm",42.1666666666667,"Private Car"," Incheon"
"403","GMP","Foreign Airlines",30,"Japan","Japan","12pm - 6pm",40,"Private Car"," Kyungki-do"
"404","GMP","Foreign Airlines",38,"Korea","Japan","12pm - 6pm",46.8285714285714,"Subway"," Seoul"
"405","GMP","Asiana Airlines",35,"Korea","China","12pm - 6pm",33.4775,"Private Taxi"," Chungcheong-do"
"406","GMP","Foreign Airlines",37,"Japan","Japan","12pm - 6pm",42,"Private Car"," Jeju"
"407","GMP","Foreign Airlines",30,"Korea","Japan","12pm - 6pm",42,"Private Car"," Seoul"
"408","GMP","Foreign Airlines",32,"China","China","6am - 12pm",89,"Private Taxi"," Seoul"
"409","GMP","Asiana Airlines",35,"Korea","China","12pm - 6pm",33.4775,"Private Taxi"," Chungcheong-do"
"410","GMP","Korean Air",35,"Korea","Japan","12pm - 6pm",30,"Private Car"," Seoul"
"411","GMP","Korean Air",34,"Japan","Japan","12pm - 6pm",52.926,"Private Taxi"," Seoul"
"412","GMP","Korean Air",39,"Japan","Japan","12pm - 6pm",52.926,"Private Car"," Seoul"
"413","GMP","Foreign Airlines",50,"China","China","6pm - 9pm",20,"Private Taxi"," Jeju"
"414","GMP","Foreign Airlines",23,"China","China","6pm - 9pm",20,"Private Taxi"," Jeju"
"415","GMP","Asiana Airlines",40,"Korea","Japan","12pm - 6pm",36.216,"Private Car"," Kyungki-do"
"416","GMP","Asiana Airlines",42,"Korea","Japan","12pm - 6pm",36.216,"Private Car"," Kyungki-do"
"417","GMP","Korean Air",56,"Korea","China","12pm - 6pm",44,"Private Car"," Seoul"
"418","GMP","Korean Air",29,"Korea","China","12pm - 6pm",48.05,"Private Taxi"," Seoul"
"419","GMP","Korean Air",64,"Korea","China","12pm - 6pm",44,"Subway"," Seoul"
"420","GMP","Korean Air",67,"Korea","China","12pm - 6pm",45,"Private Car"," Seoul"
"421","GMP","Korean Air",59,"Korea","China","12pm - 6pm",44,"Private Car"," Seoul"
"422","GMP","Korean Air",28,"Korea","China","12pm - 6pm",37,"Public Bus"," Jeju"
"423","GMP","Foreign Airlines",22,"Korea","Southeast Asia","12pm - 6pm",30,"Private Car"," Kyungki-do"
"424","GMP","Korean Air",25,"Korea","China","12pm - 6pm",37,"Private Car"," Kyungki-do"
"425","GMP","Korean Air",21,"China","China","12pm - 6pm",52,"Private Taxi"," Jeju"
"426","GMP","Korean Air",22,"Korea","China","12pm - 6pm",30,"Subway"," Seoul"
"427","GMP","Foreign Airlines",27,"Korea","Japan","12pm - 6pm",40,"Private Car"," Kyungki-do"
"428","GMP","Korean LCC",26,"Korea","Southeast Asia","6am - 12pm",50,"Private Taxi"," Jeonra-do"
"429","GMP","Korean Air",26,"Japan","Japan","6am - 12pm",60,"Public Bus"," Seoul"
"430","GMP","Korean Air",21,"Korea","Japan","12pm - 6pm",60,"Subway"," Kyungsang-do"
"431","GMP","Korean Air",21,"Korea","China","12pm - 6pm",48.05,"Public Bus"," Kyungsang-do"
"432","GMP","Foreign Airlines",24,"Korea","China","6am - 12pm",52.7222222222222,"Private Taxi"," Kyungki-do"
"433","GMP","Korean Air",28,"China","China","12pm - 6pm",50,"Public Bus"," Seoul"
"434","GMP","Korean Air",28,"Korea","China","12pm - 6pm",48.05,"Subway"," Seoul"
"435","GMP","Korean Air",28,"China","China","12pm - 6pm",52,"Private Taxi"," Jeju"
"436","GMP","Foreign Airlines",28,"Korea","Japan","12pm - 6pm",999,"Public Bus"," Kyungki-do"
"437","GMP","Korean Air",28,"China","China","12pm - 6pm",35,"Private Taxi"," Kyungki-do"
"438","GMP","Korean Air",25,"Korea","Japan","12pm - 6pm",35,"Private Taxi"," Kyungki-do"
"439","GMP","Korean LCC",25,"Korea","Southeast Asia","6am - 12pm",40,"Subway"," Seoul"
"440","GMP","Foreign Airlines",29,"China","China","6pm - 9pm",52.7222222222222,"Public Train"," Jeju"
"441","GMP","Foreign Airlines",29,"China","China","6pm - 9pm",52.7222222222222,"Public Train"," Jeju"
"442","GMP","Korean Air",37,"China","Japan","12pm - 6pm",42,"Subway"," Jeju"
"443","GMP","Foreign Airlines",35,"China","China","6pm - 9pm",52.7222222222222,"Private Taxi"," Jeju"
"444","GMP","Foreign Airlines",38,"Korea","Japan","12pm - 6pm",40,"Subway"," Seoul"
"445","GMP","Foreign Airlines",35,"Japan","Japan","6pm - 9pm",40,"Private Taxi"," Jeju"
"446","GMP","Foreign Airlines",42,"Japan","Japan","6pm - 9pm",40,"Private Taxi"," Jeju"
"447","GMP","Foreign Airlines",40,"Japan","Japan","6pm - 9pm",50,"Private Taxi"," Jeju"
"448","GMP","Asiana Airlines",47,"Japan","Japan","6pm - 9pm",36.216,"Private Taxi"," Jeju"
"449","GMP","Asiana Airlines",40,"Japan","Japan","6pm - 9pm",36.216,"Private Taxi"," Jeju"
"450","GMP","Asiana Airlines",40,"Japan","Japan","6pm - 9pm",36.216,"Subway"," Jeju"
"451","GMP","Korean Air",47,"Japan","Japan","12pm - 6pm",52.926,"Public Train"," Jeju"
"452","GMP","Foreign Airlines",51,"Japan","Japan","12pm - 6pm",40,"Subway"," Seoul"
"453","GMP","Foreign Airlines",52,"Korea","Japan","12pm - 6pm",45,"Private Car"," Jeju"
"454","GMP","Korean Air",59,"Korea","China","12pm - 6pm",60,"Private Taxi"," Seoul"
"455","GMP","Korean Air",58,"Korea","China","12pm - 6pm",60,"Private Taxi"," Seoul"
"456","GMP","Foreign Airlines",59,"Korea","Other","6pm - 9pm",50,"Private Taxi"," Incheon"
"457","GMP","Korean Air",64,"Korea","China","12pm - 6pm",48.05,"Private Car"," Kyungki-do"
"458","GMP","Korean Air",64,"Korea","999","12pm - 6pm",35,"Public Bus"," Kyungki-do"
"459","GMP","Korean Air",67,"Korea","China","12pm - 6pm",60,"Private Taxi"," Seoul"
"460","GMP","Asiana Airlines",64,"Korea","Japan","6pm - 9pm",45,"Subway"," Kyungki-do"
"461","GMP","Asiana Airlines",69,"Korea","Japan","6pm - 9pm",50,"Subway"," Seoul"
"462","GMP","Foreign Airlines",21,"Japan","Japan","6pm - 9pm",46.8285714285714,"Subway"," Jeju"
"463","GMP","Foreign Airlines",32,"Japan","Japan","6pm - 9pm",45,"Private Taxi"," Jeju"
"464","GMP","Foreign Airlines",30,"Japan","Japan","6pm - 9pm",46.8285714285714,"Private Car"," Jeju"
"465","GMP","Foreign Airlines",42,"Japan","Japan","6pm - 9pm",46.8285714285714,"Subway"," Jeju"
"466","GMP","Foreign Airlines",43,"Japan","Japan","6pm - 9pm",46.8285714285714,"Subway"," Jeju"
"467","GMP","Foreign Airlines",55,"Korea","China","6pm - 9pm",52.7222222222222,"Subway"," Seoul"
"468","GMP","Asiana Airlines",59,"Korea","Japan","6pm - 9pm",36.216,"Subway"," Seoul"
"469","GMP","Asiana Airlines",64,"Korea","Japan","6pm - 9pm",36.216,"Subway"," Seoul"
"470","GMP","Foreign Airlines",39,"Korea","China","6pm - 9pm",62,"Private Car"," Jeju"
"471","GMP","Foreign Airlines",37,"Korea","China","6pm - 9pm",25,"Private Car"," Jeju"
"472","GMP","Korean Air",63,"Other","Japan","6pm - 9pm",52.926,"Subway"," Jeju"
"473","GMP","Foreign Airlines",61,"Japan","Japan","6pm - 9pm",17,"Private Taxi"," Jeju"
"474","GMP","Korean Air",48,"Korea","Japan","12pm - 6pm",70,"Private Car"," Seoul"
